customer_id,age,annual_income,employment_years,credit_utilization,payment_history,num_credit_cards,loan_balance,debt_to_income,credit_inquiries,credit_score
C000001,35,40248,17,5.8,Excellent,1,51889,0.33,9,850
C000002,35,67293,35,75.2,Good,3,93494,0.52,9,589
C000003,39,118802,30,31.7,Excellent,1,30989,0.5,9,784
C000004,50,58695,5,31.7,Good,7,51565,0.4,8,771
C000005,25,69854,21,16.9,Good,3,36061,0.73,4,837
C000006,54,18933,3,49.2,Good,3,23560,0.06,5,669
C000007,32,57273,18,8.9,Average,8,20684,0.55,8,774
C000008,74,121531,8,17.4,Poor,1,32388,0.46,3,718
C000009,31,75379,40,15.8,Average,8,49079,0.69,10,787
C000010,45,82596,16,35.5,Average,1,71257,0.26,1,714
C000011,53,82655,10,59.4,Good,1,7245,0.35,4,642
C000012,28,75000,22,90.8,Poor,6,60191,0.77,3,571
C000013,45,97345,3,86.0,Average,3,48495,0.32,7,546
C000014,68,78321,17,68.2,Poor,3,68467,0.65,7,644
C000015,20,16017,23,55.7,Average,5,79080,0.72,0,621
C000016,63,50249,4,6.8,Poor,1,51652,0.1,1,800
C000017,44,132617,0,58.7,Poor,4,7499,0.6,4,668
C000018,56,133563,11,63.5,Good,2,49992,0.28,6,691
C000019,66,124578,33,36.6,Excellent,7,20591,0.52,6,805
C000020,51,28365,2,42.3,Poor,8,10327,0.59,10,723
C000021,20,98634,2,93.2,Average,6,46688,0.58,10,541
C000022,40,144322,34,73.1,Good,5,76794,0.45,6,655
C000023,39,129033,1,71.6,Average,5,7916,0.32,10,593
C000024,27,126816,36,22.1,Good,3,75018,0.63,6,785
C000025,55,73387,11,65.0,Poor,2,91120,0.71,7,640
C000026,45,104193,0,71.5,Good,2,26253,0.27,9,658
C000027,61,21975,5,81.1,Good,7,63727,0.48,7,626
C000028,49,135815,33,20.6,Average,1,82725,0.8,10,759
C000029,68,57028,20,43.9,Good,4,91705,0.22,5,732
C000030,20,129268,38,64.9,Excellent,4,64766,0.42,7,686
C000031,57,18017,33,7.8,Excellent,1,65786,0.77,8,847
C000032,18,132151,30,47.5,Average,5,97675,0.59,10,668
C000033,32,42651,11,50.0,Poor,8,33839,0.65,9,693
C000034,55,79135,13,53.4,Average,6,71173,0.72,8,673
C000035,44,123253,26,17.4,Excellent,1,37846,0.19,10,827
C000036,43,22356,21,21.4,Average,1,44924,0.68,0,773
C000037,53,24376,36,50.5,Good,1,19967,0.72,10,709
C000038,43,106014,25,74.5,Average,5,90384,0.26,1,613
C000039,35,69292,22,77.4,Good,1,69661,0.52,7,596
C000040,33,134229,40,8.2,Excellent,3,23475,0.18,0,850
C000041,51,81085,25,85.4,Excellent,8,86274,0.64,1,659
C000042,53,137378,10,29.6,Average,5,61739,0.46,7,700
C000043,43,15863,15,49.7,Good,7,53268,0.73,5,733
C000044,19,103960,16,52.0,Average,5,55609,0.18,4,646
C000045,21,98225,31,13.0,Good,6,95387,0.61,6,815
C000046,23,58039,35,67.7,Excellent,4,26708,0.22,0,691
C000047,37,135049,21,80.5,Excellent,2,50079,0.09,4,631
C000048,59,76482,0,18.7,Excellent,7,6222,0.79,6,812
C000049,28,27857,36,53.0,Good,7,68311,0.63,5,691
C000050,73,137488,13,43.4,Excellent,3,56798,0.77,9,797
C000051,30,87335,35,86.9,Excellent,5,1089,0.39,5,638
C000052,41,141174,25,38.6,Poor,8,72530,0.52,2,678
C000053,63,19956,8,84.4,Poor,8,57010,0.67,10,592
C000054,32,62169,15,12.7,Poor,5,6135,0.46,10,752
C000055,41,81487,19,49.8,Excellent,7,33266,0.3,4,725
C000056,35,67957,8,16.0,Poor,2,1115,0.48,6,748
C000057,37,70599,20,39.8,Poor,6,53636,0.12,8,688
C000058,24,60962,14,50.2,Average,2,92496,0.23,9,686
C000059,28,122479,15,51.4,Excellent,8,52165,0.48,9,775
C000060,37,139826,35,19.3,Poor,6,57258,0.24,8,726
C000061,18,96385,17,81.0,Average,7,99305,0.63,7,570
C000062,54,78944,17,83.7,Poor,5,91954,0.64,6,547
C000063,59,128640,10,70.3,Good,3,71280,0.75,4,640
C000064,44,136756,6,42.4,Good,5,86243,0.55,2,751
C000065,23,69182,10,53.1,Average,6,6872,0.7,0,620
C000066,32,82129,33,51.0,Good,2,32280,0.7,4,663
C000067,50,124253,30,6.0,Excellent,4,18418,0.49,9,850
C000068,40,52126,8,14.0,Average,5,12351,0.3,6,799
C000069,69,60821,13,28.7,Good,1,86777,0.07,5,793
C000070,34,103852,16,52.0,Poor,6,16156,0.32,10,651
C000071,35,45858,23,92.9,Excellent,8,80566,0.4,9,644
C000072,32,146192,17,92.4,Average,3,9631,0.74,7,535
C000073,70,70323,18,91.5,Poor,3,14791,0.15,8,522
C000074,27,52310,6,70.1,Poor,4,76722,0.27,2,623
C000075,74,122928,18,37.5,Good,7,75631,0.43,5,775
C000076,22,61428,18,67.2,Excellent,4,5636,0.78,2,666
C000077,23,123443,4,59.4,Poor,3,17747,0.19,3,603
C000078,33,138265,23,80.8,Excellent,3,75929,0.33,3,626
C000079,35,83704,11,59.1,Good,2,48439,0.22,8,684
C000080,38,20160,3,11.9,Average,1,82246,0.76,3,775
C000081,58,136551,22,92.6,Excellent,7,51802,0.32,6,609
C000082,46,54175,2,9.0,Good,5,78967,0.06,7,813
C000083,50,62789,38,12.3,Excellent,7,32543,0.53,3,842
C000084,38,122277,3,31.3,Average,6,91705,0.09,7,742
C000085,32,105371,29,70.2,Good,7,50033,0.72,1,636
C000086,37,133676,27,77.6,Poor,1,69916,0.13,1,565
C000087,24,101834,31,27.4,Good,6,56572,0.47,9,738
C000088,70,38310,8,79.1,Good,1,83427,0.68,9,629
C000089,40,53854,38,23.0,Excellent,8,18787,0.18,0,802
C000090,67,60670,31,69.4,Good,5,665,0.44,3,672
C000091,20,32470,19,94.4,Average,7,84045,0.52,0,564
C000092,39,37380,13,48.1,Good,2,62077,0.55,0,744
C000093,25,143840,17,39.2,Poor,7,50312,0.69,0,688
C000094,27,136747,15,37.4,Average,4,97969,0.27,4,715
C000095,34,78325,13,17.1,Average,4,90725,0.36,6,757
C000096,35,142212,8,21.6,Average,6,91755,0.22,8,775
C000097,28,111401,19,85.1,Poor,5,51355,0.67,10,554
C000098,43,26278,23,73.5,Good,3,36739,0.37,7,645
C000099,29,101512,13,86.4,Average,8,13432,0.36,5,557
C000100,35,141425,0,71.2,Good,3,66434,0.06,8,615
C000101,74,24539,24,22.2,Average,7,29750,0.32,2,781
C000102,40,111685,11,82.0,Average,8,25450,0.43,6,548
C000103,30,23781,14,41.8,Average,7,80230,0.38,5,708
C000104,69,101564,3,61.9,Good,1,91860,0.35,9,633
C000105,64,127639,7,92.3,Good,2,64225,0.75,1,533
C000106,50,134819,22,14.0,Good,7,28866,0.64,4,799
C000107,50,61885,3,34.9,Good,5,16835,0.75,10,785
C000108,31,89757,9,88.8,Average,4,68287,0.41,2,552
C000109,59,33460,7,25.3,Poor,1,82278,0.48,10,713
C000110,46,32214,10,53.6,Good,5,82991,0.71,5,685
C000111,75,131874,7,49.5,Excellent,5,39799,0.1,8,745
C000112,60,62251,30,11.9,Excellent,5,67304,0.56,0,850
C000113,72,113886,39,15.0,Poor,1,5307,0.67,7,733
C000114,50,136300,39,9.1,Poor,3,82391,0.6,5,749
C000115,27,87994,24,93.6,Good,6,32584,0.27,9,531
C000116,47,147360,23,63.6,Excellent,8,22308,0.74,8,710
C000117,66,78780,30,56.8,Good,8,3478,0.12,1,675
C000118,34,134188,26,71.2,Excellent,7,68227,0.72,6,662
C000119,54,95520,36,30.0,Poor,7,16167,0.39,7,698
C000120,20,47918,7,92.5,Excellent,8,96888,0.63,8,652
C000121,38,54784,33,33.7,Average,3,47043,0.28,5,700
C000122,26,27749,31,45.4,Average,2,54908,0.06,7,638
C000123,51,43797,39,85.0,Average,8,91167,0.73,5,594
C000124,21,18338,18,87.9,Average,4,13697,0.45,9,540
C000125,50,129931,15,84.4,Good,7,65444,0.38,9,573
C000126,54,92390,6,34.8,Good,5,19639,0.16,10,750
C000127,62,120969,34,92.0,Good,2,71722,0.28,5,537
C000128,34,95383,0,12.6,Good,2,38997,0.11,1,788
C000129,59,143836,7,90.2,Excellent,1,63512,0.62,0,627
C000130,57,103521,14,87.1,Poor,4,80244,0.22,8,521
C000131,55,86462,30,57.9,Poor,6,1100,0.45,0,603
C000132,19,63343,2,16.3,Excellent,8,19475,0.53,9,832
C000133,50,55952,27,46.4,Good,7,95228,0.27,4,672
C000134,47,55961,26,90.0,Good,1,89521,0.38,9,587
C000135,57,17606,3,24.5,Poor,8,23474,0.58,1,775
C000136,43,107723,5,73.4,Good,2,58521,0.22,2,668
C000137,22,106370,31,52.0,Good,2,28030,0.66,4,716
C000138,64,31224,32,29.2,Excellent,4,18805,0.3,5,781
C000139,25,44852,17,61.1,Excellent,1,30469,0.29,10,742
C000140,75,26547,25,62.3,Excellent,7,20573,0.41,9,737
C000141,49,46493,37,16.3,Average,8,14407,0.07,9,775
C000142,51,114443,27,42.5,Good,3,30379,0.05,9,751
C000143,71,79328,20,85.6,Poor,7,69361,0.31,3,531
C000144,63,60468,3,41.3,Good,8,11836,0.68,4,749
C000145,64,85295,21,74.6,Average,3,59744,0.05,2,598
C000146,21,120857,28,27.8,Average,4,710,0.61,7,731
C000147,49,54742,18,49.7,Average,3,67587,0.06,1,655
C000148,47,74074,37,49.9,Poor,3,14007,0.67,3,666
C000149,60,143546,37,36.5,Poor,1,73811,0.05,9,697
C000150,20,143886,3,10.9,Average,7,69321,0.49,2,737
C000151,44,54496,15,34.1,Average,5,92500,0.15,9,723
C000152,37,22352,13,49.0,Excellent,1,90876,0.52,4,745
C000153,52,38975,31,71.2,Average,6,19161,0.5,7,566
C000154,27,134452,14,86.2,Average,8,89462,0.22,1,565
C000155,34,67098,9,75.1,Average,7,17221,0.75,6,620
C000156,39,137536,27,55.6,Excellent,7,54645,0.7,6,740
C000157,60,41977,16,45.6,Average,2,33868,0.22,1,694
C000158,20,70875,6,65.5,Excellent,8,68960,0.32,6,653
C000159,20,23451,18,7.3,Poor,8,61644,0.2,3,823
C000160,30,139428,7,26.7,Good,3,17517,0.67,0,754
C000161,47,17178,8,26.9,Poor,8,89092,0.71,2,720
C000162,54,141334,9,30.8,Excellent,2,30711,0.77,7,797
C000163,70,66000,10,44.8,Poor,3,30931,0.67,9,710
C000164,29,18902,28,7.7,Good,5,31636,0.31,2,810
C000165,57,54560,38,35.6,Good,6,25544,0.26,8,729
C000166,55,44135,8,48.9,Average,8,13085,0.26,1,699
C000167,66,107534,4,23.7,Excellent,4,7879,0.19,8,830
C000168,58,83172,37,63.4,Excellent,8,51,0.77,6,734
C000169,70,88630,31,72.7,Excellent,1,40255,0.19,6,687
C000170,30,55853,3,34.6,Excellent,4,56158,0.74,0,802
C000171,54,106325,9,51.0,Poor,7,79186,0.53,9,634
C000172,39,74214,31,75.3,Excellent,7,21906,0.49,2,704
C000173,28,58657,21,73.0,Excellent,7,49968,0.72,0,677
C000174,70,125432,24,50.1,Excellent,6,43796,0.27,2,769
C000175,51,44046,40,74.2,Poor,5,2781,0.19,6,599
C000176,57,41653,22,69.6,Good,1,60736,0.56,9,675
C000177,57,132556,16,52.4,Good,3,36236,0.63,5,719
C000178,39,39592,16,19.5,Average,4,32673,0.7,6,757
C000179,54,78014,25,60.1,Average,2,26163,0.53,9,636
C000180,23,48317,28,49.9,Excellent,2,64667,0.41,4,720
C000181,28,140811,16,72.4,Excellent,6,952,0.37,10,691
C000182,42,53421,40,80.9,Excellent,8,2507,0.26,9,678
C000183,24,32143,31,76.9,Good,4,95082,0.07,7,588
C000184,46,90594,1,23.6,Poor,4,91325,0.79,1,730
C000185,72,110791,33,50.8,Poor,7,91218,0.71,5,691
C000186,61,141381,16,82.6,Average,3,75674,0.57,8,526
C000187,70,138091,20,16.2,Poor,5,2042,0.29,3,739
C000188,24,67144,40,37.7,Average,4,96475,0.6,7,703
C000189,46,130015,3,17.6,Excellent,3,21586,0.22,8,850
C000190,49,47382,12,92.1,Poor,4,41031,0.21,0,562
C000191,43,56013,2,21.1,Good,2,50188,0.3,0,749
C000192,71,40498,35,46.3,Poor,5,90434,0.6,2,665
C000193,61,145092,2,38.6,Poor,7,17287,0.24,9,713
C000194,24,119989,32,16.1,Good,2,6303,0.46,5,787
C000195,54,77734,15,72.5,Poor,5,23578,0.71,6,628
C000196,42,72146,28,19.6,Good,8,41188,0.21,1,774
C000197,66,99387,28,18.3,Average,1,77456,0.38,0,724
C000198,37,148718,40,94.2,Excellent,5,86976,0.64,9,629
C000199,60,17634,35,15.7,Good,7,34926,0.46,7,824
C000200,68,138703,26,42.9,Good,1,10390,0.55,0,749
C000201,43,55640,19,26.6,Average,8,89466,0.64,9,715
C000202,67,86578,23,13.3,Excellent,2,35698,0.27,10,850
C000203,64,96606,9,70.1,Excellent,3,9050,0.27,5,687
C000204,52,126879,28,82.0,Poor,8,98476,0.41,7,594
C000205,43,106138,39,72.5,Excellent,5,37925,0.16,4,652
C000206,49,135902,29,79.3,Good,3,21504,0.26,1,611
C000207,66,130353,18,69.5,Poor,8,95921,0.06,3,623
C000208,73,70194,36,90.5,Poor,5,5392,0.35,0,541
C000209,49,41681,2,69.5,Poor,3,54399,0.22,0,595
C000210,27,60471,8,25.2,Good,4,30220,0.8,5,772
C000211,36,138493,32,48.3,Poor,4,41626,0.22,6,636
C000212,75,96142,30,93.1,Average,4,7511,0.67,7,564
C000213,41,70107,24,51.3,Poor,6,5001,0.58,4,632
C000214,37,15465,16,68.3,Excellent,1,52030,0.23,2,686
C000215,30,136938,18,24.7,Good,5,32979,0.71,8,742
C000216,75,98058,28,74.0,Excellent,8,97598,0.45,6,693
C000217,20,44491,8,50.8,Poor,8,88061,0.71,1,635
C000218,27,75834,18,14.7,Excellent,4,80468,0.54,6,850
C000219,63,142777,18,66.9,Excellent,8,87454,0.42,4,717
C000220,20,138341,22,93.3,Good,4,72654,0.67,5,572
C000221,25,27169,11,24.0,Poor,3,82123,0.14,5,705
C000222,30,29411,37,78.6,Good,3,64534,0.12,10,605
C000223,61,69976,12,82.0,Average,4,9976,0.08,3,539
C000224,68,48776,21,46.6,Excellent,7,2774,0.18,1,768
C000225,48,123506,19,77.3,Excellent,7,28414,0.47,1,679
C000226,60,20185,35,87.3,Excellent,6,79766,0.59,0,643
C000227,27,143226,36,86.9,Poor,2,53097,0.52,2,544
C000228,21,110558,25,70.7,Excellent,5,64316,0.24,7,702
C000229,52,62257,15,48.9,Poor,4,80057,0.7,3,655
C000230,55,16777,5,44.3,Average,5,307,0.61,2,659
C000231,51,72833,22,35.5,Excellent,1,86669,0.73,5,809
C000232,32,117086,28,80.9,Excellent,6,34759,0.74,7,667
C000233,53,138007,38,94.2,Poor,3,28304,0.71,9,515
C000234,46,91439,33,77.5,Excellent,5,95585,0.34,3,632
C000235,26,23418,18,61.3,Poor,8,78374,0.56,6,617
C000236,71,100018,3,78.9,Poor,1,32364,0.36,8,575
C000237,70,44114,34,70.1,Good,7,90655,0.59,2,651
C000238,36,90690,38,32.9,Good,3,44624,0.09,8,726
C000239,54,34389,3,83.8,Good,8,47681,0.27,6,600
C000240,65,29594,28,47.9,Average,1,74193,0.36,9,675
C000241,49,128290,22,73.5,Good,1,35386,0.62,0,654
C000242,73,35845,15,79.9,Excellent,2,14585,0.7,0,635
C000243,27,116477,9,52.5,Excellent,5,97138,0.24,7,720
C000244,28,119184,30,77.5,Good,5,55031,0.05,0,657
C000245,31,146956,36,77.3,Good,6,94498,0.53,9,608
C000246,52,36711,12,48.6,Excellent,4,13079,0.45,7,752
C000247,64,96674,40,72.3,Poor,6,83739,0.24,9,604
C000248,30,88699,5,37.8,Poor,8,27811,0.55,4,666
C000249,21,148086,1,28.4,Good,2,35456,0.72,0,803
C000250,39,70725,32,32.3,Good,6,88392,0.72,1,718
C000251,37,88542,26,17.5,Excellent,2,38110,0.37,6,826
C000252,69,54154,26,58.5,Poor,5,93449,0.69,8,609
C000253,34,84960,38,71.4,Good,1,65639,0.53,7,618
C000254,46,31114,37,79.6,Good,4,87016,0.59,10,585
C000255,67,115750,12,34.2,Good,8,83661,0.61,6,720
C000256,66,81298,22,9.0,Average,3,47435,0.75,7,777
C000257,52,59476,38,93.6,Good,7,61409,0.62,4,552
C000258,31,38901,38,24.4,Excellent,8,37506,0.09,4,847
C000259,63,89125,32,75.5,Poor,1,52250,0.56,1,618
C000260,57,32905,1,62.8,Poor,1,97624,0.12,2,649
C000261,28,121990,12,42.3,Good,5,85305,0.6,2,725
C000262,29,18878,38,6.2,Average,1,72410,0.39,8,798
C000263,69,126291,25,49.5,Excellent,6,84102,0.4,7,763
C000264,54,56995,13,82.8,Poor,8,12357,0.28,10,577
C000265,56,141398,19,51.8,Poor,8,51808,0.22,4,622
C000266,58,50036,12,71.8,Average,2,27452,0.5,10,598
C000267,49,113818,26,68.6,Poor,2,85360,0.35,2,626
C000268,20,114776,30,86.4,Excellent,5,78737,0.61,8,624
C000269,52,73789,33,56.4,Good,6,43032,0.3,6,718
C000270,33,49659,33,57.7,Poor,3,24263,0.32,2,671
C000271,28,33236,19,66.8,Poor,2,28710,0.79,0,573
C000272,47,110378,7,70.2,Excellent,5,33448,0.31,2,707
C000273,70,91401,37,60.7,Excellent,3,17092,0.59,0,699
C000274,41,46367,7,43.8,Poor,6,29550,0.7,6,656
C000275,42,22871,32,11.0,Poor,3,4326,0.24,0,781
C000276,22,74705,14,76.6,Poor,5,19556,0.61,7,601
C000277,47,68397,24,79.4,Excellent,7,88586,0.14,2,664
C000278,28,112360,16,57.6,Good,4,44818,0.73,0,664
C000279,72,142797,18,67.7,Excellent,8,91690,0.79,3,703
C000280,36,25909,20,16.6,Poor,2,27109,0.29,9,780
C000281,66,114261,12,50.9,Average,4,10322,0.67,8,660
C000282,38,53675,31,37.7,Excellent,1,53469,0.16,2,766
C000283,36,43078,16,64.2,Excellent,1,30869,0.13,1,704
C000284,31,144009,28,62.3,Average,3,60417,0.08,7,661
C000285,56,32577,13,63.3,Excellent,1,35015,0.76,9,666
C000286,21,49384,37,37.7,Poor,2,46927,0.73,1,730
C000287,61,82136,16,31.3,Poor,8,42109,0.2,5,732
C000288,63,124786,32,31.4,Excellent,2,71603,0.26,8,797
C000289,59,122778,26,18.4,Average,1,7826,0.77,6,768
C000290,30,83232,11,69.0,Average,2,27501,0.37,2,594
C000291,26,87383,3,6.9,Good,5,76259,0.3,8,813
C000292,50,100162,19,20.2,Average,8,13231,0.78,9,780
C000293,28,90300,8,50.7,Poor,5,90509,0.47,10,635
C000294,60,88920,40,89.6,Good,8,8446,0.76,8,553
C000295,67,56132,35,75.6,Excellent,1,43498,0.3,8,677
C000296,28,64546,13,75.9,Excellent,6,37334,0.33,10,688
C000297,74,73890,2,94.9,Poor,8,14905,0.47,4,504
C000298,33,130201,29,67.4,Average,6,83955,0.52,2,596
C000299,51,15058,3,11.2,Average,1,56329,0.05,0,738
C000300,39,122986,40,64.0,Good,8,39461,0.64,10,670
C000301,32,117034,9,17.9,Average,5,36768,0.12,7,722
C000302,33,51621,29,90.6,Average,2,69550,0.74,4,571
C000303,47,126691,25,83.0,Excellent,5,28441,0.68,6,603
C000304,64,123543,2,81.0,Excellent,8,64306,0.54,0,636
C000305,56,16241,25,26.2,Good,3,17018,0.33,7,790
C000306,52,78128,28,79.4,Good,3,55795,0.11,8,638
C000307,35,45782,13,15.2,Excellent,2,91461,0.53,5,820
C000308,30,57353,31,47.5,Excellent,6,1671,0.14,1,760
C000309,61,67224,32,36.8,Good,2,67023,0.68,1,702
C000310,68,68870,14,61.5,Poor,5,45795,0.35,0,652
C000311,28,79626,29,51.8,Good,8,49039,0.76,5,656
C000312,23,119920,15,70.7,Poor,2,30242,0.61,5,627
C000313,22,114361,0,62.6,Excellent,8,3032,0.06,0,684
C000314,43,17292,7,78.3,Good,1,17950,0.63,0,618
C000315,59,31285,36,59.1,Excellent,4,12228,0.2,10,691
C000316,30,35458,29,77.5,Excellent,8,29264,0.67,4,633
C000317,75,110081,39,33.1,Poor,5,54207,0.52,3,671
C000318,62,41162,27,77.6,Average,2,63135,0.59,4,564
C000319,54,87686,1,41.8,Average,3,66361,0.31,2,662
C000320,24,106211,1,55.2,Average,1,27327,0.7,2,645
C000321,44,125546,19,21.5,Average,2,68611,0.74,7,709
C000322,67,95713,4,32.6,Average,6,78201,0.45,10,722
C000323,36,80747,2,42.6,Excellent,8,61271,0.73,1,797
C000324,30,41924,32,26.2,Poor,7,26116,0.66,10,752
C000325,57,103936,25,5.5,Good,3,88852,0.41,6,838
C000326,61,139732,2,91.1,Excellent,8,82254,0.64,9,622
C000327,18,42125,24,25.8,Average,5,91815,0.36,8,735
C000328,42,117152,13,48.1,Excellent,4,54797,0.33,1,737
C000329,50,105515,31,29.2,Poor,7,39124,0.73,10,743
C000330,38,119620,39,40.1,Excellent,8,56268,0.14,6,809
C000331,72,62408,40,59.7,Poor,6,47023,0.3,5,601
C000332,72,51174,2,6.7,Average,1,44716,0.08,7,795
C000333,69,99592,10,70.1,Poor,7,75088,0.34,9,604
C000334,53,133142,29,15.3,Good,6,82342,0.58,3,823
C000335,48,118017,24,60.8,Good,2,92355,0.71,1,663
C000336,39,144722,34,67.4,Average,1,73575,0.57,4,630
C000337,57,97630,35,16.1,Average,8,20295,0.21,2,783
C000338,47,44352,7,76.8,Good,3,79458,0.77,1,635
C000339,58,98121,10,88.1,Good,1,91421,0.73,3,581
C000340,36,137849,38,62.0,Excellent,8,50731,0.18,1,710
C000341,19,148539,22,66.3,Poor,7,39231,0.18,9,615
C000342,18,44357,21,42.0,Poor,6,7565,0.38,2,660
C000343,22,46265,28,38.0,Excellent,3,69048,0.47,10,774
C000344,27,19201,12,57.2,Poor,2,39812,0.12,5,613
C000345,67,91121,37,60.7,Poor,2,83015,0.46,9,590
C000346,64,19584,34,57.1,Good,6,54063,0.71,0,687
C000347,22,133311,39,5.1,Poor,7,60093,0.38,2,834
C000348,29,148900,4,79.0,Excellent,1,93618,0.55,3,635
C000349,32,140174,9,11.6,Average,8,23057,0.55,4,809
C000350,45,115979,9,30.1,Excellent,4,18337,0.57,9,837
C000351,40,147133,5,18.7,Poor,5,27494,0.79,8,793
C000352,51,143011,22,67.5,Good,1,86217,0.08,9,659
C000353,48,133464,10,23.9,Average,8,5561,0.24,4,755
C000354,25,45637,0,48.5,Average,6,26744,0.48,7,672
C000355,40,71306,34,43.8,Good,7,15960,0.5,5,694
C000356,63,33531,14,83.9,Poor,5,73265,0.76,8,553
C000357,21,77529,31,9.5,Poor,3,5287,0.12,2,765
C000358,32,111871,3,27.1,Excellent,6,20668,0.37,0,821
C000359,36,87088,4,79.2,Good,8,78574,0.64,10,637
C000360,65,110081,21,45.5,Average,6,52886,0.64,9,635
C000361,19,98437,15,55.5,Poor,3,16557,0.47,8,639
C000362,74,115765,21,92.7,Excellent,2,96614,0.23,1,612
C000363,40,60285,40,26.2,Poor,2,28362,0.67,7,694
C000364,51,36591,34,19.7,Poor,5,81027,0.74,9,746
C000365,21,54462,21,5.8,Excellent,8,69582,0.77,9,850
C000366,59,53254,26,20.5,Poor,8,22055,0.2,7,721
C000367,47,38562,40,94.0,Good,8,57691,0.21,3,579
C000368,37,74317,4,54.7,Average,2,16194,0.09,1,662
C000369,20,123602,29,63.3,Poor,3,28175,0.77,6,653
C000370,59,60238,6,40.6,Good,1,89497,0.18,2,694
C000371,29,44396,32,56.4,Average,7,42104,0.56,5,664
C000372,43,129536,3,13.5,Poor,7,95304,0.07,6,809
C000373,42,127287,17,13.4,Good,1,13732,0.2,6,836
C000374,34,98435,13,62.7,Average,8,60418,0.78,8,607
C000375,33,144985,12,80.0,Excellent,1,14215,0.74,0,644
C000376,37,128591,24,31.9,Good,2,56073,0.07,3,791
C000377,36,100988,38,17.3,Average,4,75470,0.66,7,767
C000378,35,127663,10,37.7,Average,1,7647,0.79,9,694
C000379,67,21377,8,32.5,Poor,2,55894,0.61,9,706
C000380,29,81318,9,9.9,Poor,1,38109,0.57,6,792
C000381,36,123165,40,43.6,Average,7,40984,0.15,10,709
C000382,20,144743,9,63.5,Average,5,77831,0.26,8,655
C000383,31,149352,34,74.9,Average,5,51901,0.34,4,595
C000384,59,96894,40,41.4,Good,5,46911,0.07,8,714
C000385,55,38742,20,32.3,Average,6,38782,0.49,8,709
C000386,50,85900,10,62.1,Excellent,2,50229,0.06,1,717
C000387,48,119085,20,82.9,Poor,6,35298,0.7,8,553
C000388,39,97980,14,7.6,Excellent,8,92138,0.73,9,839
C000389,29,68747,27,17.1,Good,3,38019,0.13,4,795
C000390,24,63933,39,39.8,Poor,1,57404,0.36,3,679
C000391,23,128036,30,24.7,Excellent,6,37674,0.75,3,799
C000392,31,56605,1,52.3,Excellent,7,89447,0.07,5,754
C000393,28,19349,25,69.5,Poor,2,38962,0.73,4,594
C000394,26,98544,6,72.1,Good,8,15027,0.11,3,649
C000395,21,95341,9,92.5,Average,6,61512,0.45,7,502
C000396,56,57460,8,84.9,Average,5,45393,0.46,1,522
C000397,20,82960,36,63.3,Poor,6,77244,0.2,0,591
C000398,61,23990,23,22.1,Excellent,1,50573,0.46,0,817
C000399,43,64260,23,25.5,Excellent,4,58198,0.29,9,773
C000400,71,79565,3,57.9,Excellent,7,78768,0.73,4,729
C000401,69,105388,12,65.1,Good,7,14911,0.73,8,635
C000402,29,119046,37,28.8,Poor,1,77431,0.46,8,716
C000403,24,36293,12,73.6,Average,1,94110,0.44,1,549
C000404,21,126265,10,85.2,Good,3,13324,0.21,8,603
C000405,70,138953,34,18.6,Good,4,99590,0.11,3,803
C000406,74,90624,22,8.9,Poor,1,48284,0.08,9,808
C000407,21,148354,14,69.8,Good,2,38860,0.77,6,664
C000408,29,102452,33,67.8,Good,6,96148,0.44,3,678
C000409,32,115955,18,50.9,Average,1,76720,0.77,4,683
C000410,25,110838,33,7.8,Good,4,30697,0.54,3,850
C000411,32,85487,8,94.0,Excellent,1,2812,0.43,9,639
C000412,63,124779,40,57.7,Poor,2,73163,0.38,0,646
C000413,53,94910,29,67.7,Excellent,8,65923,0.38,8,712
C000414,18,98032,1,12.3,Excellent,8,16124,0.21,9,850
C000415,33,36947,5,89.9,Good,2,32026,0.2,2,565
C000416,71,131573,9,74.7,Good,2,35417,0.61,9,607
C000417,18,43285,26,67.6,Excellent,5,52719,0.43,4,717
C000418,65,34536,9,7.2,Excellent,4,69267,0.14,0,831
C000419,20,145158,38,65.6,Poor,2,48769,0.53,3,645
C000420,53,119891,17,43.3,Good,6,1042,0.61,6,708
C000421,68,73820,2,56.8,Average,1,70802,0.79,4,643
C000422,46,117895,34,64.8,Excellent,7,15611,0.68,1,679
C000423,46,143307,40,83.2,Good,3,74402,0.39,9,576
C000424,74,77050,11,62.1,Excellent,7,28289,0.72,7,703
C000425,44,33592,19,41.0,Excellent,7,8233,0.19,2,740
C000426,44,149875,32,8.1,Poor,3,95179,0.24,1,789
C000427,66,138187,23,75.1,Excellent,1,51859,0.3,7,657
C000428,64,147517,3,77.3,Good,6,88176,0.33,5,578
C000429,34,133232,24,18.4,Excellent,2,47508,0.1,2,830
C000430,22,145964,9,22.0,Excellent,3,18655,0.47,8,835
C000431,21,133415,40,53.0,Poor,2,21593,0.09,0,655
C000432,31,90920,16,80.0,Good,4,26070,0.08,1,574
C000433,27,20513,32,5.6,Excellent,4,25322,0.19,10,847
C000434,20,133036,27,12.7,Poor,7,94287,0.06,8,764
C000435,34,24373,2,10.8,Average,5,56616,0.06,9,761
C000436,59,62936,12,86.5,Average,8,94250,0.78,8,541
C000437,34,84691,22,25.4,Excellent,1,37476,0.06,9,791
C000438,55,139232,5,68.6,Average,3,23442,0.39,2,571
C000439,37,54331,25,12.6,Good,2,68844,0.45,2,791
C000440,72,48262,20,44.4,Excellent,3,15074,0.26,9,770
C000441,57,32261,18,51.2,Average,3,27836,0.36,6,662
C000442,33,29007,23,67.5,Poor,5,55970,0.51,7,625
C000443,39,97140,18,25.2,Average,3,39931,0.38,5,721
C000444,57,31518,29,45.5,Excellent,7,43934,0.58,4,747
C000445,22,103770,21,28.9,Excellent,2,43945,0.33,7,841
C000446,27,23365,14,44.6,Poor,4,97351,0.46,9,697
C000447,33,132528,37,56.0,Poor,5,33118,0.18,2,668
C000448,54,58760,10,73.5,Good,1,12379,0.07,3,629
C000449,53,141399,12,90.8,Good,4,81341,0.69,2,543
C000450,40,99994,20,82.5,Good,8,34672,0.41,6,609
C000451,60,79141,6,41.7,Poor,8,90607,0.79,9,649
C000452,26,102735,18,18.6,Average,4,95701,0.33,5,720
C000453,34,92389,2,79.8,Poor,8,81150,0.76,7,555
C000454,30,22208,37,44.3,Average,6,70507,0.78,9,637
C000455,34,115107,5,64.9,Good,5,21990,0.49,9,640
C000456,71,111291,19,37.2,Poor,6,81231,0.47,1,692
C000457,36,40674,24,42.7,Good,4,11354,0.57,0,727
C000458,44,54702,3,72.0,Excellent,8,32617,0.24,9,660
C000459,21,45422,5,81.6,Good,1,39163,0.49,9,607
C000460,59,65802,16,83.8,Excellent,7,1206,0.57,10,605
C000461,26,41566,11,61.9,Good,3,50142,0.62,10,681
C000462,62,15431,7,11.8,Poor,3,57415,0.68,10,734
C000463,50,52213,3,68.0,Good,3,22904,0.5,8,609
C000464,54,78434,25,7.3,Good,5,92669,0.42,1,806
C000465,72,16176,15,36.0,Average,2,99367,0.6,6,740
C000466,21,102917,32,62.4,Poor,5,54983,0.7,4,588
C000467,54,149810,18,84.3,Average,7,3868,0.67,2,538
C000468,73,149477,29,76.5,Poor,4,22141,0.39,10,612
C000469,54,123939,2,5.2,Poor,4,13402,0.25,6,794
C000470,52,51357,25,43.0,Poor,3,60644,0.13,9,665
C000471,72,16172,31,77.0,Excellent,2,25183,0.28,0,693
C000472,37,130774,5,17.0,Poor,6,30948,0.12,6,778
C000473,20,66634,10,13.0,Good,6,18230,0.59,3,787
C000474,54,99438,3,27.5,Good,3,8753,0.6,7,751
C000475,28,101766,7,38.2,Excellent,6,21980,0.78,9,789
C000476,60,22329,23,56.5,Good,5,96399,0.48,2,702
C000477,23,117080,37,93.8,Good,7,24207,0.16,9,545
C000478,53,63794,24,42.2,Good,1,47178,0.23,9,752
C000479,42,34721,3,73.8,Excellent,8,62295,0.21,9,683
C000480,46,90571,23,26.1,Good,8,35702,0.37,3,773
C000481,42,54878,8,69.0,Poor,2,20322,0.64,8,641
C000482,68,37993,34,47.5,Good,6,98986,0.09,8,742
C000483,71,29109,18,11.6,Good,6,44364,0.27,0,817
C000484,57,95405,13,7.7,Good,3,51377,0.68,9,850
C000485,66,85495,12,86.5,Average,8,26453,0.51,9,561
C000486,72,21415,0,53.5,Average,2,31856,0.72,4,642
C000487,58,86626,33,50.0,Average,1,18973,0.2,0,667
C000488,68,60874,7,23.0,Excellent,5,4677,0.14,0,785
C000489,47,83876,39,89.6,Average,4,61148,0.45,6,566
C000490,48,70703,36,39.0,Poor,8,75366,0.65,10,708
C000491,27,25137,32,19.7,Good,1,30129,0.69,10,813
C000492,31,139145,36,55.6,Poor,4,77618,0.61,9,673
C000493,58,114057,4,13.4,Poor,8,9007,0.31,1,798
C000494,61,47748,8,71.9,Poor,7,67392,0.5,3,591
C000495,27,76928,16,34.2,Poor,1,39709,0.45,7,724
C000496,62,32888,35,85.3,Excellent,7,3073,0.67,10,654
C000497,43,78166,19,79.7,Good,3,17669,0.21,5,596
C000498,29,83342,34,47.2,Excellent,2,83950,0.51,6,742
C000499,28,141964,22,84.7,Poor,2,19973,0.19,4,546
C000500,34,106825,35,29.3,Average,7,62593,0.63,9,751
C000501,44,38567,6,57.2,Good,7,65022,0.2,0,718
C000502,53,40926,19,40.0,Average,4,83650,0.42,6,713
C000503,51,46130,27,33.5,Good,4,21214,0.74,7,776
C000504,50,34310,32,92.8,Poor,1,47687,0.18,9,528
C000505,20,73548,28,34.2,Poor,7,5874,0.39,7,706
C000506,49,128372,0,73.0,Poor,7,61525,0.11,1,565
C000507,63,122703,1,77.5,Average,6,35802,0.33,0,578
C000508,21,139644,25,46.4,Poor,2,8829,0.58,5,650
C000509,39,81011,30,54.0,Poor,3,88662,0.19,4,649
C000510,47,15429,0,34.4,Average,2,87409,0.26,6,681
C000511,33,123692,39,38.3,Average,1,11099,0.16,10,697
C000512,47,114598,11,42.5,Good,6,10170,0.11,9,714
C000513,22,32244,15,55.4,Good,3,40833,0.7,9,700
C000514,69,42144,37,30.5,Good,2,7162,0.56,5,718
C000515,31,119497,8,45.7,Average,7,37412,0.36,4,639
C000516,46,68584,9,73.6,Average,6,34399,0.57,1,607
C000517,55,56757,29,26.1,Good,2,8969,0.28,8,781
C000518,39,49578,14,81.6,Poor,5,13537,0.7,4,525
C000519,56,96979,35,35.1,Excellent,2,55091,0.42,8,768
C000520,23,63851,38,9.7,Excellent,2,79081,0.52,9,850
C000521,75,41518,10,11.9,Excellent,8,42219,0.57,7,850
C000522,63,142785,40,37.8,Average,6,34958,0.29,6,688
C000523,68,93376,15,78.7,Excellent,2,85228,0.78,5,628
C000524,47,91656,19,51.9,Excellent,7,46808,0.13,9,705
C000525,39,39935,34,76.8,Excellent,6,48502,0.21,8,632
C000526,56,125868,34,89.4,Good,8,37415,0.63,5,567
C000527,56,128988,19,86.7,Poor,4,37818,0.15,10,576
C000528,65,64001,11,56.2,Good,1,28594,0.45,1,693
C000529,75,132819,16,74.1,Average,5,8072,0.47,8,611
C000530,27,121009,33,89.2,Poor,2,19353,0.34,0,529
C000531,41,95942,15,8.8,Excellent,3,67696,0.17,10,833
C000532,63,101333,10,66.8,Good,8,68007,0.74,2,685
C000533,61,61941,4,60.1,Good,6,74015,0.6,5,707
C000534,24,70351,21,74.9,Good,8,88904,0.68,6,591
C000535,32,17677,10,71.5,Poor,1,31230,0.54,8,621
C000536,54,59104,6,91.5,Average,5,81872,0.62,7,525
C000537,48,59716,30,18.2,Poor,6,14653,0.13,9,725
C000538,35,22525,31,71.6,Good,4,2799,0.46,10,665
C000539,50,109342,30,23.0,Good,8,44526,0.62,1,761
C000540,45,56164,29,38.1,Poor,1,44000,0.29,10,667
C000541,75,138885,5,14.4,Excellent,5,11659,0.07,5,825
C000542,20,26999,15,27.2,Good,2,19263,0.14,0,778
C000543,65,21409,28,68.0,Poor,2,44790,0.38,1,602
C000544,40,75530,27,50.7,Excellent,2,38836,0.3,8,769
C000545,54,121221,37,25.8,Poor,3,51421,0.39,6,766
C000546,51,38561,29,94.3,Good,2,79362,0.18,3,556
C000547,20,131560,12,92.9,Good,4,73999,0.4,5,532
C000548,38,110032,0,81.9,Excellent,2,64550,0.28,6,615
C000549,34,68127,16,71.3,Average,7,94228,0.48,0,558
C000550,43,24597,10,61.9,Excellent,4,71816,0.12,1,700
C000551,72,69948,17,59.1,Good,1,90320,0.38,7,686
C000552,75,37745,6,8.4,Poor,8,58177,0.64,9,784
C000553,59,22957,1,23.4,Good,3,74642,0.24,2,799
C000554,69,132393,12,18.5,Poor,1,45683,0.57,3,779
C000555,32,117265,0,50.3,Average,6,65077,0.22,6,624
C000556,63,30368,3,84.7,Excellent,8,16478,0.72,6,645
C000557,58,58286,28,36.4,Poor,7,21057,0.78,6,664
C000558,33,130142,39,26.1,Good,2,65212,0.75,2,774
C000559,37,72905,30,42.0,Average,5,5141,0.57,0,681
C000560,20,120530,30,33.0,Excellent,4,11454,0.37,3,774
C000561,30,108779,5,72.6,Good,1,94258,0.3,7,621
C000562,41,101261,26,82.9,Poor,4,95096,0.48,5,590
C000563,49,35184,23,59.8,Good,5,47369,0.31,10,684
C000564,29,47604,13,64.7,Excellent,3,75666,0.15,7,706
C000565,32,142427,25,79.9,Average,1,42648,0.74,4,538
C000566,24,125750,6,80.1,Average,6,82913,0.29,4,600
C000567,57,61340,34,55.4,Excellent,7,30617,0.49,10,746
C000568,60,87488,29,75.6,Excellent,7,1608,0.51,7,699
C000569,43,49950,24,70.6,Good,2,4406,0.75,0,599
C000570,48,144672,1,17.4,Good,5,15998,0.36,7,831
C000571,60,122598,13,26.3,Good,7,16183,0.26,2,802
C000572,57,20772,11,10.8,Average,8,63695,0.59,7,762
C000573,52,71308,40,41.1,Excellent,1,50770,0.78,0,749
C000574,35,103105,28,61.8,Good,3,15464,0.8,8,657
C000575,64,88760,6,65.5,Excellent,7,97573,0.69,4,731
C000576,37,28059,34,16.5,Good,8,91259,0.34,3,805
C000577,23,70128,38,46.4,Excellent,2,77576,0.06,8,763
C000578,73,29558,35,12.6,Good,3,47353,0.69,8,786
C000579,66,32263,26,21.9,Poor,2,25048,0.55,8,724
C000580,20,74267,17,83.6,Poor,6,97529,0.65,5,551
C000581,25,65121,3,86.3,Excellent,8,376,0.23,4,599
C000582,38,85528,5,69.7,Average,4,54178,0.54,9,611
C000583,67,114950,34,65.0,Poor,5,63050,0.22,10,625
C000584,23,39896,1,20.6,Average,4,38466,0.28,4,716
C000585,56,74866,3,90.1,Poor,7,32760,0.78,9,562
C000586,46,26778,7,22.7,Poor,6,35719,0.63,0,730
C000587,32,119576,25,28.4,Good,2,34887,0.36,4,804
C000588,21,149589,12,24.9,Poor,1,71457,0.25,5,695
C000589,32,59186,39,89.3,Poor,4,33582,0.28,5,522
C000590,48,70324,11,50.3,Excellent,1,59382,0.23,0,741
C000591,20,132475,39,10.8,Good,5,41830,0.05,9,835
C000592,49,41232,25,52.4,Average,7,38571,0.17,3,626
C000593,73,140188,18,56.5,Poor,2,91682,0.26,2,680
C000594,70,69589,2,56.3,Good,1,76382,0.23,9,714
C000595,21,84648,34,18.1,Excellent,3,67478,0.29,3,846
C000596,23,92165,6,26.7,Average,3,23582,0.21,9,765
C000597,69,75087,39,7.7,Good,6,54953,0.71,4,821
C000598,39,95508,19,87.9,Average,6,81391,0.05,2,569
C000599,20,31286,35,85.5,Excellent,4,95563,0.17,5,653
C000600,43,101338,20,47.8,Poor,3,85498,0.49,8,680
C000601,47,26852,3,77.8,Poor,5,21788,0.27,0,571
C000602,18,67639,15,84.9,Excellent,4,86273,0.21,10,609
C000603,69,105111,35,67.3,Excellent,6,38351,0.32,2,713
C000604,24,110212,27,35.2,Good,1,25880,0.21,3,758
C000605,32,96271,11,76.0,Average,6,14101,0.69,8,606
C000606,32,89515,18,50.7,Good,2,69785,0.27,9,706
C000607,37,24601,35,28.0,Poor,3,3132,0.47,2,691
C000608,31,38217,25,39.0,Average,7,39719,0.45,8,708
C000609,44,98283,7,41.2,Excellent,3,67557,0.07,9,774
C000610,49,85011,35,21.3,Good,5,33598,0.76,8,753
C000611,49,40554,20,21.4,Excellent,8,73456,0.6,8,848
C000612,63,144270,8,30.6,Good,2,46844,0.58,9,796
C000613,18,85674,5,80.8,Average,7,52720,0.41,8,588
C000614,44,75303,21,69.3,Excellent,1,4058,0.21,5,649
C000615,72,85454,35,40.5,Good,1,37809,0.38,0,718
C000616,53,114063,19,62.0,Good,7,71825,0.6,9,651
C000617,60,15864,19,73.0,Good,1,61342,0.21,0,667
C000618,23,122064,35,79.6,Excellent,1,99178,0.4,7,676
C000619,18,30639,21,64.1,Good,8,76444,0.4,5,670
C000620,70,123719,9,67.0,Average,7,48118,0.24,0,596
C000621,27,121793,1,12.6,Excellent,6,59761,0.39,5,842
C000622,48,51046,6,28.8,Good,6,67852,0.37,4,760
C000623,35,15623,25,33.3,Excellent,8,43715,0.07,6,803
C000624,50,24094,24,64.7,Poor,3,63550,0.32,5,655
C000625,32,101903,5,46.6,Good,7,72799,0.57,3,707
C000626,70,149816,36,76.1,Average,2,25181,0.65,8,549
C000627,53,105365,7,6.4,Good,5,44149,0.25,0,797
C000628,37,125758,26,39.2,Excellent,5,95051,0.31,8,777
C000629,20,112690,20,70.6,Average,7,14134,0.3,0,581
C000630,30,40750,23,51.4,Good,2,57246,0.48,10,693
C000631,63,74950,37,21.8,Good,7,43511,0.53,7,751
C000632,27,30360,11,82.5,Average,2,48056,0.6,10,575
C000633,25,103801,2,88.8,Excellent,7,73489,0.27,0,592
C000634,44,91521,35,60.0,Poor,4,75356,0.73,6,655
C000635,47,64345,5,87.1,Average,7,51559,0.53,8,533
C000636,42,89776,19,86.7,Poor,1,58090,0.74,9,533
C000637,46,34453,39,42.6,Good,6,40642,0.51,1,717
C000638,21,59776,17,93.5,Poor,4,47017,0.4,6,528
C000639,61,67923,23,86.3,Excellent,2,13000,0.15,4,671
C000640,47,34122,39,7.4,Poor,4,17153,0.31,1,749
C000641,39,141475,26,53.3,Poor,7,34831,0.68,0,684
C000642,75,148674,35,7.6,Good,4,16640,0.65,5,822
C000643,24,146698,35,30.4,Average,4,54982,0.71,9,751
C000644,30,37806,35,45.8,Poor,7,59016,0.47,5,681
C000645,37,23917,27,73.4,Average,7,50274,0.26,1,618
C000646,66,141127,17,30.3,Excellent,7,58083,0.49,6,810
C000647,52,87069,12,59.4,Poor,4,15486,0.71,10,635
C000648,36,91810,20,66.9,Poor,8,79154,0.24,10,599
C000649,70,74604,26,19.7,Poor,2,74014,0.49,2,768
C000650,27,72838,3,42.0,Poor,3,55250,0.13,4,679
C000651,47,73586,2,11.0,Average,8,45235,0.05,8,811
C000652,25,114672,17,16.5,Good,3,21566,0.19,2,818
C000653,52,86780,30,41.5,Average,4,55320,0.33,1,656
C000654,34,17348,4,91.6,Average,8,31704,0.06,1,499
C000655,41,21326,1,57.6,Good,8,79730,0.23,9,697
C000656,23,100838,39,22.6,Good,4,86203,0.7,1,811
C000657,35,116742,1,44.7,Good,2,69369,0.12,8,677
C000658,26,130414,25,84.5,Poor,4,63640,0.79,5,545
C000659,57,130984,26,29.5,Poor,1,38419,0.79,10,697
C000660,32,135259,4,90.2,Poor,5,45942,0.36,9,508
C000661,25,30937,39,41.0,Poor,7,21738,0.08,2,717
C000662,73,86148,27,47.0,Excellent,7,80242,0.29,9,776
C000663,66,92745,19,42.5,Excellent,1,28298,0.29,9,732
C000664,72,78292,29,92.3,Poor,4,34949,0.46,4,534
C000665,50,63155,13,26.8,Excellent,4,4930,0.8,3,807
C000666,58,49861,25,62.4,Poor,6,1935,0.71,3,660
C000667,53,51566,29,27.9,Good,3,72646,0.78,3,791
C000668,26,129091,8,39.7,Poor,5,52126,0.33,6,725
C000669,72,54422,0,29.4,Average,3,43672,0.22,6,694
C000670,43,131175,5,25.8,Excellent,3,87884,0.28,6,838
C000671,25,149531,4,13.9,Average,7,40085,0.58,5,793
C000672,70,113034,27,30.0,Poor,7,99700,0.21,2,724
C000673,20,45325,26,64.1,Good,5,89233,0.05,2,641
C000674,60,110926,29,10.9,Good,8,14094,0.69,0,801
C000675,65,50075,19,66.0,Good,1,2391,0.1,10,656
C000676,25,23949,15,26.1,Good,2,90256,0.25,2,743
C000677,59,40581,12,57.8,Average,7,17629,0.43,2,642
C000678,27,125358,2,10.0,Excellent,6,35764,0.07,10,850
C000679,24,30285,30,49.1,Excellent,6,90703,0.49,3,773
C000680,70,33906,11,49.2,Good,6,25274,0.45,7,676
C000681,41,93098,32,69.8,Poor,8,54315,0.31,4,627
C000682,18,147108,38,93.9,Average,4,26531,0.16,3,542
C000683,24,114681,1,48.0,Excellent,6,97660,0.61,7,746
C000684,59,106964,33,37.0,Poor,5,22745,0.79,3,663
C000685,45,105872,17,27.1,Good,3,42892,0.39,0,771
C000686,62,107009,0,65.1,Poor,7,36841,0.24,1,596
C000687,41,146138,23,34.8,Poor,2,2587,0.54,4,704
C000688,38,95188,12,27.9,Good,5,87819,0.63,7,770
C000689,68,117012,32,44.3,Average,6,79778,0.07,4,683
C000690,49,141194,1,63.1,Good,7,39717,0.54,0,665
C000691,34,101148,13,17.2,Good,4,59199,0.41,4,805
C000692,45,138504,1,40.0,Good,5,74195,0.66,0,694
C000693,46,61983,31,63.7,Poor,7,65651,0.23,3,612
C000694,41,55338,21,8.4,Excellent,1,197,0.16,9,850
C000695,18,42022,8,62.7,Average,7,39567,0.52,1,608
C000696,71,70350,39,40.0,Good,1,36965,0.61,9,764
C000697,72,36332,14,43.8,Good,5,72435,0.17,3,722
C000698,50,119988,35,35.0,Average,2,42309,0.73,5,683
C000699,59,18093,18,77.7,Average,1,93616,0.58,9,552
C000700,31,73146,10,44.2,Good,1,73387,0.62,5,738
C000701,36,57609,10,51.1,Good,6,88118,0.08,2,666
C000702,22,54005,27,5.7,Excellent,2,13969,0.57,3,850
C000703,75,74580,29,19.2,Excellent,8,15259,0.61,8,850
C000704,59,113363,31,67.5,Excellent,7,54497,0.55,6,679
C000705,46,108793,8,61.9,Good,6,8788,0.69,4,656
C000706,18,108281,22,9.0,Poor,6,40629,0.47,1,820
C000707,43,19313,10,88.6,Excellent,8,73849,0.51,5,633
C000708,35,72151,38,86.9,Excellent,2,37016,0.8,1,595
C000709,33,39396,9,82.6,Excellent,2,48345,0.73,0,634
C000710,54,110747,2,17.1,Excellent,8,45161,0.42,8,850
C000711,28,55472,0,7.5,Poor,7,63103,0.18,0,767
C000712,38,138660,12,9.3,Excellent,6,77415,0.17,8,834
C000713,67,121068,9,68.8,Average,7,39705,0.5,1,584
C000714,19,35193,30,60.3,Average,8,45273,0.78,2,625
C000715,51,76042,30,18.5,Excellent,4,22225,0.22,6,846
C000716,70,18800,11,5.3,Average,7,80575,0.75,0,802
C000717,35,123363,18,60.3,Poor,7,29331,0.61,4,600
C000718,42,27331,18,57.3,Excellent,1,28192,0.61,9,719
C000719,52,46556,6,83.3,Excellent,1,5720,0.46,9,664
C000720,43,42016,26,67.2,Poor,4,77275,0.18,8,616
C000721,21,126383,38,89.8,Good,6,80698,0.6,0,598
C000722,33,138885,0,16.2,Good,2,10661,0.13,1,817
C000723,25,64653,7,63.0,Good,3,930,0.58,4,660
C000724,64,79315,3,77.4,Good,4,36779,0.7,5,602
C000725,54,83711,29,63.7,Poor,8,11556,0.26,5,641
C000726,68,81118,2,64.3,Average,6,76243,0.79,0,618
C000727,37,147048,30,37.1,Average,2,67770,0.29,8,716
C000728,59,46468,15,86.0,Excellent,7,86557,0.39,2,624
C000729,60,143575,4,61.7,Poor,3,57621,0.78,2,618
C000730,73,121847,6,73.9,Good,4,48418,0.61,5,654
C000731,75,62424,2,14.2,Poor,8,13938,0.8,0,767
C000732,73,128010,35,63.7,Excellent,1,34183,0.55,7,737
C000733,44,89553,32,58.6,Poor,3,45387,0.36,5,652
C000734,34,135693,7,21.2,Excellent,6,25880,0.32,7,795
C000735,28,127344,33,74.5,Poor,3,67183,0.37,2,602
C000736,19,91159,31,58.1,Poor,7,77260,0.69,6,668
C000737,75,46306,15,83.2,Excellent,3,74917,0.3,8,664
C000738,53,139425,31,74.2,Poor,7,14462,0.28,4,572
C000739,22,43855,28,46.2,Excellent,3,24825,0.29,2,744
C000740,63,92997,37,92.0,Poor,7,25303,0.22,4,494
C000741,27,101165,3,24.9,Good,7,90501,0.69,2,810
C000742,42,148863,35,21.4,Poor,4,59335,0.7,7,738
C000743,22,71506,33,27.8,Poor,6,72696,0.59,5,729
C000744,63,134014,14,29.8,Average,3,53779,0.38,0,757
C000745,73,100009,31,55.7,Excellent,7,99313,0.16,4,721
C000746,59,30692,18,82.3,Excellent,3,96507,0.18,9,604
C000747,41,73579,30,92.9,Good,6,63462,0.17,7,535
C000748,68,82035,5,74.4,Excellent,3,17291,0.14,7,641
C000749,27,81769,36,33.2,Excellent,5,37328,0.3,5,792
C000750,59,60846,35,68.7,Good,5,31069,0.3,7,639
C000751,64,33905,5,45.3,Excellent,6,85089,0.77,9,736
C000752,56,45372,25,36.8,Poor,5,23057,0.5,5,711
C000753,60,41404,22,32.9,Good,7,28220,0.29,10,752
C000754,20,48370,39,78.9,Good,4,27310,0.59,4,585
C000755,60,23239,4,28.5,Excellent,2,74997,0.24,9,785
C000756,51,64673,0,42.7,Poor,8,55783,0.32,6,663
C000757,51,148141,2,85.5,Good,1,25558,0.33,10,576
C000758,53,63637,9,46.4,Good,3,88577,0.39,9,690
C000759,61,56045,33,51.1,Average,8,32085,0.4,2,644
C000760,40,132231,17,59.6,Poor,4,83231,0.19,10,627
C000761,40,116743,16,50.1,Poor,7,49522,0.49,9,684
C000762,19,89297,2,71.8,Excellent,3,96528,0.09,0,689
C000763,40,84535,28,60.4,Average,8,30178,0.71,0,607
C000764,48,139035,14,70.0,Poor,6,7,0.5,10,573
C000765,44,124955,0,18.3,Average,8,37287,0.15,3,732
C000766,37,30822,14,25.3,Good,7,29122,0.05,5,790
C000767,23,78167,6,75.1,Excellent,7,28198,0.13,4,684
C000768,45,61916,9,74.0,Average,3,19617,0.44,9,558
C000769,31,39879,5,71.1,Excellent,2,984,0.3,1,646
C000770,54,41437,13,16.3,Excellent,1,38447,0.25,8,802
C000771,39,47329,16,56.2,Average,8,77934,0.67,2,647
C000772,22,34179,17,36.4,Good,5,41987,0.25,7,778
C000773,52,116881,29,20.2,Good,3,98071,0.35,6,814
C000774,55,80179,40,27.5,Good,7,91035,0.11,9,767
C000775,54,137609,34,30.1,Average,2,17782,0.52,4,703
C000776,39,36658,5,21.2,Excellent,5,9100,0.2,10,835
C000777,56,122900,25,87.7,Good,5,8724,0.79,2,574
C000778,22,16189,26,16.5,Excellent,2,65561,0.57,5,850
C000779,60,20531,8,76.2,Average,8,74500,0.3,1,619
C000780,56,96979,38,74.9,Excellent,5,71155,0.67,1,658
C000781,68,101760,23,52.6,Average,8,92552,0.28,0,640
C000782,21,18111,22,81.6,Excellent,6,68888,0.71,1,681
C000783,23,59461,27,38.0,Poor,3,15175,0.12,6,701
C000784,32,115214,1,47.8,Poor,2,4502,0.08,2,689
C000785,39,42907,39,9.2,Poor,3,10131,0.34,4,742
C000786,42,130632,1,70.1,Poor,1,92544,0.52,0,567
C000787,23,103571,20,46.4,Excellent,5,85480,0.07,10,746
C000788,37,35336,15,8.8,Poor,4,15246,0.7,4,822
C000789,38,44696,3,6.2,Average,1,85284,0.53,8,781
C000790,18,92016,34,23.2,Excellent,7,25272,0.34,6,839
C000791,36,131152,12,9.7,Average,7,64227,0.31,6,808
C000792,22,30893,18,31.6,Good,3,35822,0.3,5,724
C000793,55,74208,11,53.1,Poor,8,26255,0.73,8,690
C000794,37,86807,24,80.0,Good,2,52321,0.48,1,647
C000795,65,59714,10,48.5,Poor,4,92593,0.42,8,657
C000796,58,100148,9,13.2,Excellent,2,77420,0.33,8,850
C000797,57,119565,29,24.4,Excellent,4,43296,0.21,6,823
C000798,51,44432,14,60.0,Average,5,14418,0.57,1,668
C000799,54,41105,29,10.5,Average,6,23780,0.47,10,783
C000800,39,69294,36,66.9,Average,1,38156,0.22,3,585
C000801,49,98014,23,37.4,Poor,5,45102,0.33,0,726
C000802,63,32884,17,91.5,Excellent,2,20348,0.75,3,625
C000803,31,127068,31,50.5,Poor,3,62923,0.47,9,659
C000804,19,42696,4,8.3,Average,3,65563,0.33,2,785
C000805,40,103742,27,71.6,Good,6,55075,0.43,2,662
C000806,21,18233,7,35.9,Good,3,663,0.74,0,726
C000807,22,48621,39,48.8,Poor,6,35781,0.22,5,627
C000808,55,115855,25,5.5,Average,6,85716,0.33,9,754
C000809,73,62951,32,80.7,Excellent,8,60617,0.33,4,667
C000810,36,48731,7,26.5,Excellent,5,73325,0.62,5,827
C000811,26,16749,6,90.4,Average,4,15111,0.2,3,509
C000812,69,67728,31,43.4,Good,7,93536,0.78,7,736
C000813,32,82599,16,39.6,Poor,3,94387,0.71,10,708
C000814,39,131105,34,8.7,Average,6,38592,0.76,3,791
C000815,37,93084,32,88.5,Poor,1,97410,0.15,10,563
C000816,34,42337,1,27.3,Poor,8,88475,0.5,1,742
C000817,41,40013,19,27.2,Excellent,5,43553,0.36,1,836
C000818,60,115647,2,83.2,Excellent,8,15060,0.32,6,642
C000819,45,16373,0,37.4,Poor,8,91382,0.07,6,673
C000820,74,131565,39,37.9,Poor,3,79224,0.32,0,697
C000821,34,117771,4,66.0,Good,4,82995,0.71,6,683
C000822,43,60028,38,58.6,Poor,1,98234,0.26,4,626
C000823,47,37261,23,79.4,Average,8,52502,0.12,8,600
C000824,34,116461,8,35.0,Average,3,92437,0.3,4,683
C000825,49,112542,36,32.2,Average,1,49603,0.28,8,734
C000826,19,91475,39,66.3,Good,5,88714,0.3,2,666
C000827,34,92291,37,27.9,Excellent,7,21838,0.48,6,770
C000828,18,122399,35,46.4,Poor,4,75081,0.16,3,632
C000829,58,100500,14,82.4,Excellent,6,57885,0.18,2,681
C000830,73,17354,12,89.4,Poor,3,35654,0.18,2,571
C000831,50,118926,13,30.1,Average,7,73592,0.23,10,680
C000832,54,81748,19,28.7,Poor,8,26590,0.79,10,730
C000833,41,138224,13,6.4,Good,7,57854,0.52,4,796
C000834,60,70825,32,82.2,Average,6,4741,0.66,3,578
C000835,43,47399,29,52.8,Average,1,67412,0.36,3,676
C000836,48,16345,14,61.4,Poor,5,21574,0.6,7,603
C000837,25,59529,20,20.3,Average,7,45456,0.71,7,738
C000838,51,64436,8,23.4,Poor,6,46090,0.75,6,752
C000839,57,129028,24,93.1,Average,3,92298,0.27,9,552
C000840,60,96198,31,62.5,Good,4,60142,0.33,9,694
C000841,19,114710,36,94.7,Good,5,73562,0.67,1,580
C000842,23,19975,2,42.2,Poor,4,22660,0.64,6,714
C000843,67,21173,30,56.3,Poor,5,59843,0.07,2,662
C000844,42,61866,8,34.6,Average,2,72249,0.36,1,699
C000845,21,138017,20,43.9,Poor,3,22099,0.79,0,691
C000846,49,57848,34,64.2,Good,1,60484,0.29,5,641
C000847,69,35680,22,23.9,Excellent,7,42542,0.16,7,778
C000848,61,27203,35,95.0,Good,8,55072,0.26,9,580
C000849,21,148505,27,82.3,Average,8,5099,0.25,4,564
C000850,33,67789,11,24.6,Excellent,3,86313,0.27,4,802
C000851,68,130793,3,45.4,Excellent,6,55052,0.5,10,721
C000852,45,39593,1,87.6,Excellent,8,73971,0.26,6,603
C000853,62,77405,16,58.1,Excellent,8,81518,0.76,5,691
C000854,20,65605,30,85.2,Good,4,77988,0.18,2,628
C000855,55,75102,19,56.2,Good,3,26661,0.62,5,698
C000856,75,112227,28,12.8,Excellent,8,4458,0.14,7,850
C000857,26,50264,13,89.9,Average,1,76443,0.4,2,532
C000858,66,108393,4,50.2,Good,6,66819,0.77,0,700
C000859,55,35382,38,26.2,Good,8,18084,0.51,7,801
C000860,26,24621,7,58.8,Good,2,21629,0.49,4,695
C000861,20,66299,24,20.1,Average,2,56374,0.37,3,736
C000862,19,84239,21,73.9,Average,3,36530,0.06,6,562
C000863,51,141639,8,10.7,Excellent,3,60486,0.24,7,850
C000864,33,127838,10,32.1,Average,3,96403,0.26,1,719
C000865,52,49871,17,44.7,Excellent,1,24910,0.24,10,763
C000866,56,130169,3,28.2,Poor,5,499,0.1,7,745
C000867,18,137575,7,25.3,Average,8,9374,0.45,5,705
C000868,49,66998,11,79.0,Poor,2,66487,0.26,4,568
C000869,74,32786,29,11.5,Poor,2,94386,0.19,7,787
C000870,64,31783,23,39.9,Average,4,34975,0.57,3,672
C000871,72,17232,15,76.5,Excellent,5,50594,0.38,8,676
C000872,54,140705,14,14.1,Average,4,36152,0.25,0,786
C000873,26,24699,28,44.5,Average,2,25817,0.76,9,688
C000874,46,39952,23,86.0,Poor,1,8936,0.07,6,527
C000875,20,47728,36,38.1,Good,4,6629,0.58,9,761
C000876,41,119620,32,9.2,Excellent,8,27264,0.1,5,839
C000877,72,95721,24,22.0,Average,8,45241,0.66,4,737
C000878,25,47705,16,89.6,Poor,5,16979,0.66,3,530
C000879,51,96704,18,64.0,Excellent,8,80387,0.39,10,683
C000880,40,134451,31,32.6,Excellent,4,1448,0.46,1,771
C000881,26,118233,5,7.3,Average,3,37226,0.54,9,825
C000882,47,95967,38,17.1,Poor,7,29572,0.16,7,777
C000883,42,149075,28,51.9,Good,1,98291,0.6,3,711
C000884,48,141741,20,46.7,Poor,2,97624,0.36,2,697
C000885,19,85115,21,35.5,Good,2,80826,0.75,6,753
C000886,35,87239,19,7.1,Poor,8,4498,0.49,9,814
C000887,68,42717,2,51.9,Good,6,45402,0.35,3,720
C000888,28,64734,20,30.9,Good,8,8873,0.55,9,751
C000889,49,126381,19,17.3,Average,7,12020,0.1,0,767
C000890,62,40295,37,7.7,Excellent,8,17856,0.07,2,843
C000891,34,16876,2,89.3,Excellent,6,65357,0.14,0,652
C000892,59,122626,8,78.5,Good,2,88494,0.28,6,626
C000893,56,137039,16,75.0,Excellent,1,54201,0.27,6,655
C000894,40,106214,15,58.8,Excellent,6,88502,0.51,8,705
C000895,48,37293,27,38.0,Excellent,6,79600,0.34,2,796
C000896,63,87113,38,91.5,Poor,6,65152,0.69,5,526
C000897,45,140054,5,72.5,Average,6,55416,0.73,2,614
C000898,28,83865,5,36.8,Poor,4,22996,0.51,10,671
C000899,28,24392,28,26.1,Average,8,49748,0.2,6,695
C000900,55,137551,13,6.1,Poor,7,80616,0.43,8,815
C000901,24,75028,15,82.3,Good,8,13128,0.18,4,620
C000902,59,140771,26,27.1,Poor,1,33420,0.5,2,745
C000903,60,137169,39,36.8,Poor,2,14120,0.65,9,699
C000904,31,147079,0,85.6,Poor,7,20200,0.11,0,564
C000905,60,116245,29,46.1,Good,4,94671,0.16,1,689
C000906,59,90224,26,93.8,Good,8,84158,0.23,7,576
C000907,66,59607,37,82.2,Excellent,5,58401,0.72,9,627
C000908,54,46135,36,42.3,Average,6,48987,0.63,2,668
C000909,41,57734,5,16.1,Poor,1,753,0.27,5,784
C000910,73,16500,19,64.4,Excellent,1,70609,0.61,6,706
C000911,66,72572,39,36.0,Excellent,8,33828,0.5,1,786
C000912,22,122083,21,94.9,Excellent,2,73089,0.27,8,607
C000913,63,20617,40,11.5,Poor,8,63597,0.79,0,784
C000914,21,106562,36,66.6,Good,1,96912,0.21,2,664
C000915,38,132180,15,37.6,Average,7,92780,0.55,4,707
C000916,53,31444,37,86.5,Good,8,42158,0.16,6,593
C000917,65,148280,13,89.2,Poor,6,34929,0.63,2,518
C000918,44,40968,36,31.1,Average,3,24561,0.14,10,711
C000919,49,72426,37,93.2,Poor,3,95516,0.38,10,530
C000920,31,17987,15,59.7,Poor,5,31704,0.16,0,666
C000921,36,149930,18,37.7,Excellent,7,13339,0.64,6,775
C000922,42,44196,11,64.7,Average,8,95152,0.05,2,615
C000923,33,62132,23,78.8,Poor,6,14744,0.5,3,540
C000924,47,45845,14,6.1,Average,3,93509,0.67,0,791
C000925,68,95048,33,63.2,Poor,3,45569,0.79,8,581
C000926,68,112861,5,11.7,Good,6,24160,0.18,0,807
C000927,55,50091,11,48.6,Good,7,18579,0.56,5,691
C000928,74,35676,10,59.5,Excellent,7,98198,0.34,4,718
C000929,36,27728,24,14.5,Excellent,6,13063,0.6,3,835
C000930,25,104655,19,16.5,Average,7,14288,0.28,1,779
C000931,61,56036,25,11.1,Poor,2,91580,0.43,9,813
C000932,46,62127,24,8.7,Good,8,95681,0.72,10,837
C000933,38,138068,11,18.7,Average,1,31530,0.21,2,770
C000934,66,148555,11,85.2,Poor,8,34429,0.42,8,589
C000935,61,81649,6,73.9,Good,2,73907,0.79,3,642
C000936,23,114266,38,61.8,Good,7,45495,0.47,3,700
C000937,70,26249,30,13.5,Good,1,29438,0.75,0,799
C000938,57,74907,40,63.0,Good,6,66397,0.64,7,639
C000939,59,51255,14,12.7,Poor,7,31661,0.54,3,791
C000940,67,60301,13,50.4,Good,2,19008,0.49,5,728
C000941,58,125723,27,27.9,Good,7,1311,0.64,3,792
C000942,51,60758,33,32.6,Good,5,83414,0.31,4,726
C000943,19,38759,28,25.9,Average,5,294,0.07,9,750
C000944,28,34646,11,74.6,Poor,5,43954,0.41,2,557
C000945,20,34257,38,18.5,Good,8,75901,0.55,3,772
C000946,54,147354,11,23.3,Average,2,22666,0.73,2,702
C000947,49,22029,16,54.5,Excellent,4,57851,0.21,9,715
C000948,62,135359,19,69.9,Excellent,8,89512,0.26,10,716
C000949,20,108697,23,83.4,Average,1,12231,0.19,3,521
C000950,73,145475,23,74.7,Good,8,15909,0.79,6,629
C000951,58,137026,22,18.0,Average,6,92193,0.59,2,729
C000952,69,130184,30,36.7,Poor,1,29068,0.06,1,683
C000953,31,48182,17,65.2,Poor,4,34570,0.26,10,587
C000954,56,109749,35,38.3,Good,5,39812,0.1,1,763
C000955,35,45623,38,77.1,Excellent,5,49733,0.46,0,682
C000956,65,98393,13,44.4,Good,3,57229,0.43,2,709
C000957,73,87297,1,28.4,Good,2,23263,0.52,5,754
C000958,61,128308,12,31.5,Average,1,31969,0.18,7,681
C000959,28,69026,13,73.6,Good,8,73009,0.37,6,603
C000960,19,107474,34,68.7,Average,3,77839,0.07,6,571
C000961,48,91952,22,54.4,Average,4,2384,0.76,1,617
C000962,28,49738,23,50.0,Average,4,54625,0.64,2,626
C000963,70,113784,4,31.6,Poor,6,32663,0.38,5,703
C000964,70,61602,13,62.8,Good,1,22939,0.48,9,641
C000965,69,122280,23,38.9,Poor,6,23534,0.7,5,711
C000966,42,104778,28,57.6,Poor,5,76002,0.12,5,673
C000967,54,122004,35,84.5,Excellent,8,9882,0.2,1,640
C000968,46,62195,15,72.5,Average,3,7394,0.77,7,600
C000969,58,84569,21,30.9,Poor,5,28232,0.65,4,685
C000970,69,89376,23,47.9,Average,5,15548,0.33,7,700
C000971,47,66575,23,51.9,Average,2,33315,0.63,3,622
C000972,69,109601,18,49.8,Good,1,98140,0.19,8,737
C000973,34,112021,17,93.0,Good,8,59899,0.68,9,557
C000974,52,20671,5,64.9,Average,7,68359,0.36,0,583
C000975,58,60776,6,16.6,Average,5,60504,0.64,8,775
C000976,23,97528,7,12.6,Average,6,58030,0.42,9,755
C000977,25,30494,32,33.7,Poor,6,59905,0.79,2,691
C000978,25,82987,22,46.0,Excellent,7,3995,0.06,8,744
C000979,29,30288,35,14.8,Excellent,4,36503,0.34,3,850
C000980,71,51042,33,36.7,Good,8,52755,0.43,10,774
C000981,18,137611,34,61.9,Average,7,98415,0.73,7,605
C000982,18,91316,11,53.0,Average,5,52456,0.58,3,665
C000983,37,35437,9,60.8,Good,2,50229,0.52,6,689
C000984,45,101205,35,88.7,Good,5,11773,0.5,0,557
C000985,72,19221,36,57.6,Average,6,81084,0.31,1,625
C000986,59,28555,21,36.8,Poor,6,95184,0.64,6,681
C000987,32,102733,21,38.6,Excellent,4,17439,0.58,0,786
C000988,46,102495,15,45.7,Average,4,12036,0.72,5,632
C000989,58,96354,20,93.2,Average,3,48200,0.33,3,535
C000990,67,126584,27,68.4,Excellent,7,76171,0.45,4,711
C000991,40,48772,19,73.0,Excellent,2,60391,0.65,0,645
C000992,41,21410,38,44.3,Average,7,47372,0.65,4,701
C000993,75,125245,26,12.4,Average,5,37083,0.62,0,741
C000994,63,60423,24,58.9,Poor,2,57502,0.39,5,636
C000995,26,35148,39,15.6,Good,7,80156,0.73,7,832
C000996,31,141093,28,9.0,Average,1,65065,0.38,2,745
C000997,63,64986,9,74.6,Poor,4,42110,0.52,4,574
C000998,26,42810,27,85.4,Average,1,38504,0.28,4,591
C000999,30,91513,9,92.6,Good,4,50893,0.59,7,600
C001000,43,146673,21,23.7,Good,3,86255,0.25,10,765
